id,name,model_id:id,group_id:id,perm_read,perm_write,perm_create,perm_unlink
access_biostar_device_user,access_biostar_device_user,model_biostar_device,base.group_user,1,1,1,1
access_biostar_user_user,access_biostar_user_user,model_biostar_user,base.group_user,1,1,1,1
access_biostar_attendance_log_user,BioStar Attendance Log (User),model_biostar_attendance_log,base.group_user,1,0,0,0
access_biostar_attendance_log_manager,BioStar Attendance Log (Manager),model_biostar_attendance_log,hr.group_hr_user,1,1,1,1
