<odoo>
  <data noupdate="1">
    <record id="ir_cron_suprema_sync" model="ir.cron">
      <field name="name">Suprema: Sync Attendance</field>
      <field name="model_id" ref="model_suprema_sync"/>
      <field name="state">code</field>
      <field name="code">model.cron_sync_attendance()</field>
      <field name="interval_number">5</field>
      <field name="interval_type">minutes</field>
      <!-- <field name="numbercall">-1</field> -->
      <field name="doall">False</field>
      <field name="active">True</field>
    </record>
  </data>
</odoo>
