id,name,model_id:id,group_id:id,perm_read,perm_write,perm_create,perm_unlink
access_hr_loan_user,access.hr.loan.user,model_hr_loan,base.group_user,1,1,1,0
access_hr_job_user,access.hr.job.user,hr.model_hr_job,base.group_user,1,1,1,0
access_hr_loan_line_user,access.hr.loan.line.user,model_hr_loan_line,base.group_user,1,1,1,0
access_hr_loan_officer,access.hr.loan.officer,model_hr_loan,hr.group_hr_user,1,1,1,1
access_hr_loan_line_officer,access.hr.loan.line.officer,model_hr_loan_line,hr.group_hr_user,1,1,1,1
access_hr_loan_manager,access.hr.loan.manager,model_hr_loan,hr.group_hr_manager,1,1,1,1
access_hr_loan_line_manager,access.hr.loan.line.manager,model_hr_loan_line,hr.group_hr_manager,1,1,1,1
